#{"t_start": 1770112823.1224694, "env_id": "LunarLander-v3"}
r,l,t
241.838081,243,3.341136
1.020163,1000,4.207191
33.40228,1000,5.080953
296.728123,235,5.290241
2.124233,90,5.371602
-0.017025,1000,6.242157
-34.950545,1000,7.105911
-79.915796,1000,7.969774
242.999663,633,8.529575
-19.809259,1000,9.404131
-59.811581,1000,10.279727
-40.369195,1000,11.141667
292.409615,259,11.929684
11.52624,1000,12.298055
7.268974,1000,12.670847
-47.119773,1000,13.043608
-34.288427,1000,13.415648
-13.890169,1000,13.789034
-0.908062,1000,14.157795
-10.443289,1000,14.529665
-47.586649,1000,14.90412
303.01573,281,15.01159
7.46775,1000,15.891883
-13.545811,1000,16.760723
37.408631,1000,17.627331
277.479814,170,17.77606
31.279291,1000,18.659242
42.440501,133,18.775589
2.478138,1000,19.644535
-17.530283,1000,20.520807
300.867058,316,20.797807
260.857236,263,21.029702
38.672665,205,21.210888
218.765677,571,21.714211
215.144466,601,22.248124
296.129818,320,22.533827
280.411025,364,22.864815
293.269125,230,23.070143
275.722235,322,23.354127
261.034377,195,23.52541
277.927884,208,23.874074
43.834251,119,23.919034
72.122779,198,23.993935
271.629564,256,24.091285
293.846558,242,24.184783
302.067222,177,24.253578
50.0717,158,24.313063
-269.150575,267,24.414325
297.906572,233,24.502567
150.998993,1000,24.900825
60.867162,123,25.020688
245.352854,457,25.424085
279.554266,205,25.583739
274.006979,393,25.882442
216.209081,480,26.28379
34.118354,135,26.40098
287.256796,265,26.635653
288.919073,237,26.846278
234.775898,681,27.447513
284.517545,300,27.713147
230.287732,272,27.955501
34.583919,101,28.044402
56.342467,1000,28.926235
249.606648,336,29.224561
67.90982,164,29.370924
56.607145,96,29.456914
297.560096,345,29.764689
22.694067,83,29.84292
58.644551,130,29.959284
0.826342,84,30.032524
128.692898,996,30.905752
22.041545,111,31.002823
287.37646,224,31.207971
-225.836263,205,31.393523
42.517983,130,31.50833
63.80156,139,31.627138
271.202715,203,31.813732
253.34711,292,32.07153
186.13773,179,32.231052
237.081457,613,32.765834
274.867687,425,33.146811
195.305047,571,33.898578
-49.919564,1000,34.27388
61.662536,141,34.327274
153.501511,1000,34.726836
-1.313695,1000,35.096374
-80.800525,1000,35.471003
-10.193508,1000,35.842381
37.332324,130,35.891716
298.852536,202,35.969996
177.821398,1000,36.384017
169.222403,895,37.331249
-95.897732,250,37.561803
256.06074,326,37.945005
30.608527,124,38.126851
247.159744,456,38.607522
275.773233,423,39.115816
278.204609,397,39.556244
271.775233,501,40.048857
235.647552,522,40.596411
270.949012,376,40.951423
254.186105,292,41.228221
202.317083,569,41.83999
52.810736,1000,42.701998
222.960467,512,43.186601
248.702555,397,43.561208
264.907208,461,44.065197
208.598725,745,44.804152
264.855848,237,45.032611
210.694194,507,45.509197
270.65548,436,45.896225
297.041958,345,46.207715
237.077788,302,46.523576
6.935453,1000,46.899093
234.78244,321,47.019965
208.04091,438,47.18376
219.896632,408,47.338414
244.106189,306,47.453835
267.996627,304,47.568307
265.300062,333,47.693676
256.742864,461,47.867841
231.464624,363,48.003845
275.890931,316,48.294078
221.180871,653,48.874902
261.402048,238,49.092983
257.606393,380,49.431638
284.945145,350,49.747005
255.993461,467,50.168598
274.232635,412,50.538215
283.875778,545,51.028712
204.467821,637,51.593118
7.794835,1000,52.483889
204.259493,469,52.847169
262.508156,156,52.9686
153.903433,963,53.714564
0.469065,1000,54.542584
229.341888,381,54.887861
174.439645,612,55.473163
21.883825,1000,56.307667
244.39313,404,56.890887
143.276686,801,57.21386
281.730989,346,57.353676
241.573797,478,57.542411
220.78712,478,57.731542
146.312421,953,58.105548
184.725287,774,58.419799
153.005164,905,58.786192
30.372443,1000,59.181455
3.828977,1000,59.577013
223.426999,476,60.12137
228.033956,709,60.83673
268.391902,424,61.21876
264.913989,464,61.701469
23.326732,1000,62.554637
225.619188,440,62.973
246.897279,230,63.216031
258.665173,355,63.507116
220.987918,719,64.088136
255.670078,284,64.322305
271.025552,460,64.698159
239.031173,483,65.081568
206.485938,682,65.608678
300.700818,211,65.772988
203.899294,555,66.195996
253.723959,264,66.400668
237.280389,646,66.902663
224.896682,732,67.46861
280.391137,313,67.708209
185.135336,671,68.381224
194.249578,750,68.667843
192.818238,546,68.876544
190.506418,567,69.090533
238.424657,649,69.333953
19.290863,1000,69.719566
187.555349,760,70.033337
7.107996,1000,70.424726
209.768987,708,70.697666
256.424184,460,70.870891
182.02778,537,71.295518
274.351618,345,71.560818
248.941812,375,71.851442
239.758944,412,72.164615
230.047941,390,72.462811
266.555448,434,72.805395
277.203975,161,72.956093
158.898468,883,73.72689
247.209976,416,74.063223
293.482303,353,74.34816
241.579538,469,74.868096
236.681333,560,75.392122
223.98746,500,75.895319
250.523339,260,76.110261
263.474675,353,76.401647
251.701663,569,76.967686
263.051227,399,77.309324
239.79008,495,77.712904
246.224932,598,78.198696
302.374872,170,78.329121
258.443729,285,78.578401
212.954043,318,78.855006
227.962199,367,79.139627
229.783924,255,79.504328
259.928758,289,79.613625
219.328871,334,79.739941
271.562788,376,79.883881
240.709205,502,80.076656
281.478552,367,80.21807
218.679881,328,80.341777
284.558808,316,80.46174
263.005775,284,80.568741
218.91244,390,80.715663
252.872899,423,81.050933
274.396738,384,81.389652
266.353263,534,81.897953
263.996371,283,82.15167
274.644797,333,82.429736
233.776061,486,82.967231
242.743096,323,83.28334
269.090863,208,83.502506
265.54007,249,83.722386
231.266875,516,84.139167
239.721055,450,84.531912
242.414415,558,85.168726
268.120022,299,85.495211
269.617547,333,85.808338
283.721451,219,86.011055
240.131691,527,86.571219
238.26187,357,86.949035
278.655518,232,87.188829
236.485288,611,87.782622
270.898912,190,88.000666
257.615536,308,88.310374
177.789697,623,88.907235
293.557083,299,89.18955
223.929101,556,89.716915
297.173958,280,89.975555
189.707629,866,90.670739
304.712692,310,90.788617
287.63414,234,90.878236
253.735254,217,90.960407
244.012889,387,91.106308
168.30919,1000,91.507766
270.502047,251,91.602907
198.687397,508,91.794244
165.253295,1000,92.199672
301.10458,193,92.273102
239.205868,302,92.547597
247.683679,392,92.856747
260.606786,286,93.080846
284.683388,270,93.292731
259.989164,501,93.674537
291.800498,341,93.93626
269.608052,251,94.132331
230.471973,426,94.456478
197.234042,473,94.827542
269.818504,287,95.047118
247.230623,251,95.246573
284.616892,191,95.394335
294.610407,336,95.651556
278.408066,317,95.894537
313.475975,474,96.269603
258.781803,327,96.523153
307.247032,291,96.745127
231.981343,314,96.984384
282.884112,311,97.228238
270.262221,210,97.390873
295.82146,215,97.560731
279.455041,182,97.701165
246.737105,231,97.881616
278.758687,242,98.067961
276.953383,473,98.436457
202.359655,521,98.836493
302.359773,315,99.085754
199.697802,947,99.846921
265.720639,240,100.0339
255.936523,398,100.248791
248.692706,432,100.410765
243.67804,442,100.577164
191.214092,465,100.752885
221.354022,374,100.893056
164.041271,689,101.151847
280.271445,195,101.227284
285.294755,215,101.309511
288.22918,191,101.382017
269.526733,377,101.523133
245.86863,477,101.894304
278.741578,257,102.097107
275.468184,240,102.284597
289.268871,364,102.569488
256.708072,310,102.815713
68.990512,119,102.909081
306.288443,317,103.15631
7.5217,127,103.255046
279.385918,171,103.388916
265.541841,257,103.588798
282.901456,275,103.798826
275.038721,225,103.973437
283.419252,285,104.191392
290.797882,230,104.37202
260.776758,341,104.632694
296.554206,297,104.861659
316.237867,201,105.019659
204.402711,611,105.499367
291.694889,428,105.866735
276.10011,188,106.034115
254.26593,169,106.182521
236.643674,248,106.380635
262.975502,211,106.544391
219.554042,331,106.834276
61.576611,143,106.946325
55.920602,149,107.061688
60.979558,137,107.166768
233.078223,416,107.486562
262.794266,332,107.741992
238.488744,656,108.251758
254.48354,442,108.592525
236.611977,229,108.768359
236.072856,274,108.980804
310.743406,203,109.14122
281.373589,227,109.31816
185.041186,1000,109.805415
155.610283,1000,110.206706
301.918785,304,110.321906
250.865352,246,110.414916
237.30298,342,110.543845
103.715146,1000,110.942553
101.320484,1000,111.330699
272.394149,357,111.464535
278.760559,193,111.538062
60.440022,121,111.58394
296.882783,274,111.802757
231.902321,233,111.980984
299.899778,283,112.203353
248.262359,236,112.384702
290.87065,225,112.559217
259.821507,161,112.682761
36.231808,142,112.794882
231.232916,430,113.123781
284.906277,334,113.381026
268.370875,193,113.52941
298.571293,257,113.73043
268.300142,255,113.928577
286.773382,277,114.143429
222.529366,573,114.58203
251.102065,195,114.733471
62.085109,108,114.815694
31.481071,126,114.913637
238.509705,840,115.578725
280.637631,198,115.732905
59.671644,141,115.842155
299.749833,332,116.097207
28.188777,121,116.190041
282.517779,204,116.348897
253.169772,214,116.51263
307.883158,268,116.718655
43.548373,120,116.80994
284.287414,171,116.944597
35.90616,175,117.078645
259.19675,237,117.259755
277.290231,293,117.486772
241.658549,185,117.645652
306.398871,253,117.852615
49.758631,143,117.970157
33.207422,130,118.074946
22.737092,124,118.180534
274.400734,266,118.404598
108.482148,1000,119.215709
45.187479,106,119.298465
11.313321,112,119.482748
298.534939,244,119.577166
29.747974,109,119.619103
134.676328,1000,120.026971
11.237242,101,120.067315
237.325835,239,120.165365
254.665062,216,120.250962
243.382976,229,120.345253
277.609477,153,120.415099
254.931741,166,120.498676
223.807434,405,120.918759
285.572018,274,121.180575
13.126482,99,121.312253
277.634283,214,121.544757
21.765258,95,121.658499
283.110532,280,121.950931
15.959609,112,122.057194
256.844983,604,122.694396
285.238853,281,123.002499
256.186281,172,123.156601
32.630331,92,123.231631
320.836496,194,123.437047
230.265417,196,123.635721
210.920101,199,123.821777
10.85143,111,123.921385
278.875377,199,124.090973
296.098322,257,124.312139
272.57534,242,124.515594
31.047636,116,124.653948
11.793287,119,124.793092
40.713614,157,124.93867
50.29068,148,125.086978
279.573967,235,125.333342
240.087014,410,125.781546
287.470943,158,125.953652
253.712771,208,126.178059
-6.063263,101,126.282788
29.966903,124,126.412349
201.004167,208,126.632176
252.662689,234,126.869827
275.323714,321,127.182159
257.79379,209,127.371517
61.496577,85,127.452662
44.291276,98,127.567987
270.548769,444,128.058137
30.019991,98,128.14712
156.186258,1000,129.151157
19.281719,110,129.25459
15.188959,127,129.366206
23.891658,123,129.468089
20.482675,138,129.589737
35.209207,97,129.669668
236.145502,314,130.085784
18.143108,115,130.188072
31.435127,115,130.290647
57.712316,218,130.518049
16.631876,117,130.647921
149.722034,1000,131.087892
229.409158,231,131.180318
215.681069,217,131.268875
218.646673,239,131.364855
146.35053,1000,131.797834
151.338291,1000,132.246351
18.484546,131,132.29833
30.667377,121,132.346201
37.701077,111,132.390412
43.909488,129,132.44199
73.015956,97,132.54408
34.785922,127,132.663797
40.071101,96,132.751648
241.732354,329,133.062671
46.77647,127,133.189664
284.903497,258,133.437386
265.439753,233,133.658882
234.786574,383,134.115709
44.698658,109,134.217759
26.618448,132,134.345881
27.844133,118,134.461377
50.229324,155,134.605386
33.952759,108,134.708754
132.37716,1000,135.664735
270.333985,244,135.883182
40.01769,151,136.032328
66.163297,108,136.198994
29.024314,129,136.348732
42.017496,120,136.471188
208.729679,293,136.753493
229.881896,419,137.305846
244.489246,472,137.703864
282.94142,347,138.000628
219.913116,245,138.201728
240.81744,586,138.722431
56.492254,152,138.964204
236.622022,257,139.18081
290.996473,270,139.425063
283.484501,308,139.675963
275.055426,329,139.956381
285.952588,286,140.204037
274.18359,306,140.458735
234.126665,838,141.160782
285.139118,237,141.360131
266.009749,272,141.648027
72.399123,145,141.798505
242.857664,221,142.077321
240.347771,327,142.206025
216.369844,319,142.333872
126.103007,1000,142.732531
236.413002,202,142.810155
299.320857,177,142.87831
237.193893,235,142.968344
313.303713,181,143.038113
295.851949,266,143.139498
241.758482,260,143.238711
270.546858,293,143.471827
251.171361,612,143.953766
101.778754,1000,144.748557
257.859427,296,144.977427
259.463476,448,145.33406
59.359288,134,145.439593
219.768815,364,145.723967
292.998623,265,145.928753
59.802356,173,146.067218
282.609643,327,146.319284
210.548036,599,146.788831
293.277161,261,146.994438
292.50961,196,147.147061
236.825299,206,147.307943
257.033497,272,147.519852
298.907965,231,147.706551
239.764121,213,147.907531
293.479411,259,148.168133
307.352656,217,148.350722
200.768921,564,148.975192
293.42264,234,149.273267
279.223159,254,149.505461
243.176689,202,149.67964
264.535433,204,149.865782
74.530453,119,149.969752
283.223142,181,150.137147
228.438402,397,150.612364
249.457241,193,150.814674
262.445622,270,151.10027
282.219712,346,151.444709
32.736842,163,151.648119
225.129041,418,152.077514
260.772718,266,152.264508
271.07498,213,152.349746
276.965575,273,152.45738
66.803147,136,152.511614
235.943604,365,152.654081
264.905649,198,152.73597
165.86512,1000,153.15693
101.460286,1000,153.554175
59.292054,155,153.61465
274.488941,256,153.714118
255.934076,229,153.906202
219.555639,278,154.130803
287.826455,153,154.266048
286.058884,159,154.433411
271.986905,411,154.813984
286.99396,244,155.036814
44.403809,145,155.153442
231.806641,392,155.493254
39.628216,145,155.656614
257.618255,545,156.173596
57.549839,116,156.270716
295.581675,215,156.464158
263.904673,238,156.678252
289.020398,300,156.928142
216.913946,789,157.564082
275.441291,476,157.935085
260.395362,794,158.565552
290.993788,186,158.711866
259.427137,393,159.017547
240.607258,348,159.2916
282.074057,229,159.471711
278.781815,257,159.674649
260.257454,211,159.840142
258.172686,297,160.070682
237.001377,316,160.316462
242.000284,365,160.597712
257.13963,413,160.940307
272.816222,185,161.093933
296.522071,179,161.231729
238.003246,378,161.525208
242.700374,281,161.742262
303.350985,214,161.908402
258.217852,317,162.119286
258.297977,184,162.189754
309.797203,224,162.275582
270.113183,225,162.363648
261.50177,966,162.761342
151.396348,1000,163.174118
274.002852,190,163.253929
258.884128,802,163.635673
264.168051,264,163.760195
266.563748,202,163.851618
55.962676,172,164.050214
78.71559,120,164.174448
284.436275,331,164.496172
18.928036,94,164.598033
295.248268,176,164.78239
264.399152,258,165.039055
52.404703,112,165.156123
308.785008,264,165.422282
268.839588,194,165.624329
267.719444,177,165.800242
279.437382,222,166.034456
294.941029,290,166.343616
239.563459,250,166.595315
291.863216,199,166.790741
296.594894,242,167.015952
296.956525,301,167.292432
52.819999,134,167.415852
309.761583,270,167.684361
289.894045,413,168.078371
281.6193,288,168.348344
257.349842,267,168.59473
298.841417,286,168.865696
284.838589,217,169.067401
290.709502,241,169.287965
267.081267,216,169.488153
77.612129,130,169.615639
282.129189,241,169.846473
280.919294,415,170.259843
289.334247,255,170.509768
280.149767,191,170.70152
275.368688,181,170.876792
262.06881,250,171.114288
235.483071,213,171.3209
49.028054,115,171.433079
272.918448,339,171.781424
281.424777,225,172.005992
295.610062,235,172.225662
263.16538,270,172.508027
251.493649,242,172.764937
297.88835,439,173.185092
286.011156,235,173.402416
287.799939,206,173.594417
300.853835,290,173.799872
264.849669,286,173.918052
306.345315,175,173.990644
269.103382,263,174.099389
239.065688,244,174.198802
276.161449,536,174.430056
272.800093,181,174.506314
154.230767,1000,174.936826
255.97282,218,175.027524
288.609095,237,175.127438
285.502327,231,175.362792
314.760815,235,175.582721
306.875144,198,175.766586
273.01678,346,176.090585
49.826874,138,176.215859
255.278303,430,176.61616
302.63697,224,176.823961
259.231797,234,177.05513
261.28486,186,177.227082
285.725795,248,177.456828
282.215502,200,177.641816
284.529374,294,177.928556
32.862322,103,178.03157
274.472959,177,178.198868
285.606295,304,178.479684
271.14483,210,178.692946
280.491307,210,178.89184
266.682896,332,179.221095
263.896854,242,179.451591
303.261354,258,179.684802
297.797428,211,179.878733
271.393169,244,180.099879
282.970246,199,180.281668
236.809509,211,180.472228
252.057211,228,180.664885
287.630504,274,180.896181
292.526792,216,181.095545
303.99247,208,181.295986
280.002264,215,181.507276
297.534377,196,181.693045
260.937304,315,182.020218
287.715066,274,182.268048
306.141403,245,182.481854
284.59453,192,182.651043
303.620425,234,182.849087
257.84037,197,183.023608
277.514127,193,183.209701
288.064154,264,183.451624
271.285776,197,183.641571
290.187885,304,183.901109
304.840343,221,184.085812
241.868457,205,184.264851
299.235412,224,184.496402
301.937273,172,184.566853
307.788602,214,184.652093
302.591341,208,184.733959
272.4926,198,184.812356
297.549055,203,184.895186
264.965633,207,184.979006
250.211653,211,185.062969
281.713513,216,185.150373
295.921364,216,185.235338
205.517438,390,185.639256
296.758589,233,185.871695
298.701698,219,186.092809
249.240006,207,186.310238
304.137458,205,186.51638
282.435817,173,186.698902
312.529841,184,186.9062
224.971332,232,187.17261
288.432878,188,187.359391
270.117293,354,187.672718
301.469409,267,187.932852
300.773054,162,188.093216
259.806249,188,188.294695
261.490356,185,188.482965
304.931347,176,188.640337
228.306618,193,188.810585
271.929647,210,188.991816
291.902738,287,189.243385
256.233147,249,189.489521
278.435612,251,189.749686
278.038721,241,189.964873
312.507455,268,190.206024
255.406223,287,190.494085
248.123112,271,190.813013
296.954477,253,191.050539
284.290544,198,191.228402
295.109358,188,191.386861
276.176954,243,191.597305
281.832138,257,191.822738
252.033115,231,192.051243
275.386928,527,192.645596
250.373177,217,192.878909
310.499143,215,193.122933
279.433975,252,193.381159
314.132806,233,193.629196
293.757156,255,193.873522
286.072449,159,194.025923
259.240581,201,194.222955
293.359638,664,194.804063
287.175001,194,194.97304
287.166221,213,195.141096
270.013638,205,195.224492
254.935383,187,195.299139
269.824261,173,195.367775
262.274295,177,195.437374
274.834856,221,195.523721
289.021316,223,195.61027
240.146268,174,195.678203
297.412039,211,195.760689
285.727413,182,195.832389
277.015312,189,196.020517
288.306152,195,196.205556
298.096479,234,196.430518
283.397606,192,196.613094
275.753654,216,196.821924
287.198275,196,197.007568
262.115391,178,197.181539
297.562534,227,197.395077
256.583847,224,197.605987
236.409027,180,197.769072
164.341336,1000,198.776136
293.786324,283,199.043172
289.627099,192,199.223878
291.827574,232,199.448521
156.55069,1000,200.435529
260.757903,337,200.766316
301.872652,228,200.992174
288.426583,255,201.252064
286.62074,386,201.650136
295.010965,186,201.835715
265.760048,292,202.09775
245.600197,234,202.291337
280.507465,223,202.480528
183.827358,1000,203.444644
292.65906,162,203.612823
245.456587,200,203.799378
262.468227,230,204.036583
307.127904,225,204.26611
282.639536,323,204.598668
297.043152,256,204.838075
279.529425,265,205.11034
22.464957,95,205.195809
293.594235,226,205.419707
287.347177,164,205.618259
267.948847,155,205.679989
286.91388,208,205.764908
259.213338,178,205.838285
281.811785,223,205.929867
279.063109,187,206.007254
277.693944,163,206.074986
268.246171,195,206.154847
259.587877,197,206.236688
238.408593,159,206.301591
298.482746,214,206.516253
267.0547,187,206.674716
292.397097,217,206.877604
288.86525,220,207.084148
274.56501,312,207.375721
293.818908,269,207.650494
269.301222,189,207.853251
39.805793,89,207.955086
258.109424,186,208.169472
257.937652,182,208.384161
287.670622,221,208.629458
248.84921,180,208.816229
304.276962,260,209.092795
158.394646,1000,210.116099
250.969469,283,210.404471
288.566305,361,210.754457
297.085452,170,210.922582
308.918784,213,211.140832
259.370839,236,211.373931
276.77458,190,211.560326
280.899406,167,211.71982
29.306946,121,211.846433
252.69362,182,212.056084
254.223137,226,212.273367
302.86433,179,212.443251
271.769552,236,212.663551
273.22485,165,212.819545
247.084798,183,212.985189
295.001759,194,213.173176
285.405258,275,213.435997
259.454286,186,213.603155
240.992064,252,213.8351
301.219481,446,214.235868
3.458975,108,214.325487
30.019888,107,214.431118
-7.214462,119,214.557329
317.003507,215,214.786871
291.401209,200,214.9822
282.100206,155,215.136836
252.190366,262,215.400566
245.732612,229,215.649014
279.594982,186,215.839
246.878323,402,216.291172
277.122363,239,216.420057
300.689115,280,216.536928
262.527558,177,216.607674
268.43809,207,216.692187
248.778555,183,216.768131
247.939573,733,217.082758
160.483759,1000,217.509515
290.623875,196,217.587966
185.106497,1000,218.024065
277.652354,191,218.100441
249.738907,173,218.278396
245.06529,180,218.457269
246.564439,366,218.849483
315.0968,232,219.094316
259.678388,175,219.250483
267.064855,203,219.442617
272.960914,190,219.619305
263.471871,253,219.867497
292.33708,182,220.043496
245.029457,219,220.268367
250.199972,220,220.48336
266.219548,289,220.765659
275.376461,258,221.24028
285.05517,269,221.510016
296.789263,200,221.754235
259.022294,236,221.985027
287.734257,207,222.200421
295.567727,214,222.411905
239.068181,394,222.79369
125.050586,1000,223.757211
259.903969,188,223.913066
266.779777,258,224.130267
298.826006,274,224.508087
272.266142,221,224.719613
273.426339,214,224.889932
56.718914,85,224.975208
266.944726,293,225.28758
261.715289,224,225.500978
272.303753,417,225.867367
318.851942,189,226.058635
283.852905,197,226.27253
254.635311,206,226.480204
301.393509,252,226.73123
284.959847,314,227.02926
295.521196,474,227.471651
263.046427,285,227.744078
283.751195,204,227.944427
284.322247,212,228.169219
277.823041,208,228.287758
306.794318,167,228.356471
310.376611,308,228.482261
34.90653,102,228.525939
266.782786,186,228.605107
278.378549,188,228.686364
277.758001,215,228.776934
268.796438,190,228.859178
289.859327,208,228.94775
276.954902,187,229.023344
268.643364,247,229.260345
287.054345,291,229.524486
274.021833,184,229.692502
265.843113,207,229.900624
291.612922,297,230.179795
263.628839,258,230.41741
276.486156,680,231.060238
259.377857,189,231.254678
130.547018,1000,232.162786
289.926297,328,232.507405
253.314911,273,232.741024
258.62556,293,233.013054
290.061962,285,233.277575
275.526096,204,233.469941
292.491164,229,233.685424
283.517548,216,233.904541
272.192344,311,234.224272
260.971643,169,234.397665
273.289023,374,234.714991
303.414478,339,235.031156
273.814203,207,235.227562
244.582821,207,235.41116
28.119747,107,235.509089
146.244639,1000,236.404848
302.441842,391,236.864199
255.663443,549,237.330789
317.961793,251,237.58389
289.719209,276,237.870445
310.452529,297,238.148508
296.895452,220,238.539654
273.478425,218,238.629286
295.984949,177,238.70375
-15.814079,81,238.737914
285.453212,228,238.831966
276.804726,200,238.914719
284.175138,203,238.998582
286.484097,260,239.106506
157.431313,1000,239.536913
307.988132,229,239.632137
282.816859,295,239.927778
303.940854,267,240.174551
231.079179,268,240.401577
-16.681104,73,240.460973
287.069609,169,240.598647
273.204837,279,240.913094
-19.612707,105,241.025048
251.733691,229,241.221045
300.495328,278,241.450365
265.198141,215,241.642514
43.583812,160,241.777436
36.803745,105,241.863068
296.955596,312,242.133828
256.958999,239,242.329649
38.33728,95,242.413261
-3.927537,125,242.516628
281.777357,243,242.714656
245.750491,180,242.861804
290.520985,259,243.087669
243.275645,587,243.903378
275.517022,190,244.085876
229.487008,429,244.469864
301.503831,219,244.684139
307.446347,197,244.85284
268.612916,297,245.10196
302.977488,210,245.342862
308.039885,286,245.625388
248.649818,246,245.857418
298.274892,315,246.182032
244.670945,518,246.675837
260.224634,273,246.906786
245.134231,254,247.118014
-9.476643,77,247.182869
280.94845,171,247.342477
33.085918,88,247.426879
-2.880643,98,247.516138
263.029677,210,247.710023
183.046965,759,248.344457
288.846549,275,248.692334
274.756063,327,249.110286
27.584145,105,249.215585
249.267597,215,249.301639
253.675811,217,249.388278
245.836325,222,249.476117
251.835816,181,249.552189
274.92968,229,249.646381
171.321958,692,249.924884
292.308661,265,250.031971
-4.203052,1000,250.4461
265.448389,252,250.548553
38.308699,145,250.691873
269.328621,194,250.872555
277.817825,187,251.059198
245.98479,171,251.203804
309.842592,198,251.370596
270.554858,406,251.721089
293.193514,270,251.953983
274.380014,257,252.174661
278.232749,267,252.398346
235.057142,409,252.765948
286.683429,190,252.968629
268.563156,338,253.275221
303.821915,432,253.629851
267.162124,230,253.818209
279.363743,364,254.118659
235.319644,465,254.489908
284.650105,317,254.879391
252.052545,298,255.168482
281.059544,203,255.350867
287.108737,188,255.508344
305.452526,201,255.682762
294.605865,245,255.912202
269.586221,243,256.134869
250.546921,293,256.369052
230.34192,304,256.65062
4.648323,1000,257.535775
239.619175,480,257.941234
286.995561,389,258.25833
27.870632,1000,259.065086
300.513649,202,259.386097
104.484632,1000,259.775681
294.423688,261,259.878973
245.682732,902,260.238682
114.039675,1000,260.630458
255.215434,224,260.717916
296.235951,260,260.819168
126.657534,1000,261.210668
253.177084,390,261.359957
172.496491,1000,261.753959
237.437209,670,262.275218
273.056516,477,262.649751
274.744912,211,262.814254
230.099992,383,263.106002
250.687686,249,263.297084
280.131737,328,263.554878
266.246815,246,263.742413
204.699624,529,264.149865
251.289261,352,264.421743
264.790501,423,264.751713
238.386926,474,265.119228
253.679336,544,265.546695
258.611968,299,265.77737
251.762151,299,266.008639
264.606987,365,266.294276
238.077247,475,266.667781
274.857986,363,266.945188
272.927376,345,267.215955
254.482314,537,267.647558
290.075916,299,267.874254
256.449782,315,268.117683
265.280346,240,268.304112
202.717601,902,268.998219
250.242029,272,269.207616
252.169053,201,269.595303
287.611624,303,269.715431
236.659976,430,269.88541
269.581357,337,270.017701
241.268185,273,270.12549
286.129721,244,270.226409
277.112752,181,270.298308
157.531403,1000,270.727924
247.312815,224,270.821317
268.872124,295,270.94826
287.573261,188,271.16616
282.193043,224,271.474788
295.324283,298,271.76437
270.052077,263,272.068784
197.644076,435,272.510529
273.767311,216,272.68884
286.319656,256,272.89958
289.674704,289,273.141088
237.176666,389,273.463767
305.390974,309,273.722048
267.648067,290,273.963314
271.828077,257,274.178402
268.137714,433,274.610852
270.49169,232,274.813102
256.559049,228,275.001963
305.85134,262,275.225709
235.78143,331,275.496367
226.115673,208,275.666989
246.880169,301,275.980835
290.966176,309,276.318865
248.822312,323,276.621342
288.990339,253,276.833309
244.515451,310,277.098926
259.247203,230,277.315122
275.899464,218,277.535547
259.981169,199,277.743759
285.582849,263,278.011634
271.017168,292,278.252765
236.679897,356,278.570912
263.144744,291,278.827019
273.682777,228,279.026004
241.900299,183,279.25783
260.093591,191,279.439242
268.455567,775,280.197659
298.646383,196,280.440901
287.596025,269,280.547015
247.129543,311,280.671655
225.849358,237,280.763477
259.551003,242,280.856383
228.64539,301,280.970693
288.653812,262,281.073997
250.939734,178,281.151106
139.94348,1000,281.579173
267.137353,287,281.695644
243.067856,177,281.885271
248.595693,273,282.167332
269.482822,284,282.45805
253.543662,298,282.74954
272.250927,475,283.181453
268.539899,367,283.539668
299.459452,169,283.703441
297.872528,269,283.962398
256.553428,500,284.390878
269.615813,241,284.597154
270.009104,307,284.95514
283.584653,222,285.167699
305.046264,225,285.410598
254.500619,254,285.711156
243.8496,404,286.13698
246.520359,409,286.535189
303.229562,213,286.759616
271.636758,633,287.427994
238.558514,441,287.866906
297.925064,155,288.020585
293.312056,475,288.508251
295.543943,305,288.822176
152.792069,1000,289.782035
256.511648,204,289.980589
296.09802,295,290.259278
166.220707,1000,291.185514
249.937919,208,291.37232
269.214922,274,291.653951
269.762936,210,291.735811
236.721763,186,291.807002
262.165527,195,291.882354
243.062604,369,292.022196
251.526462,427,292.186767
304.1994,249,292.284586
214.434976,434,292.455103
278.0384,159,292.517719
224.752798,286,292.626242
278.579645,345,292.940661
283.54536,339,293.242899
273.046128,339,293.549124
265.913956,344,293.85887
277.56416,336,294.163776
286.770153,301,294.433941
248.964698,273,294.676819
37.778769,94,294.762279
265.031893,308,295.044561
281.503997,296,295.314493
261.360051,528,295.779536
285.322023,244,296.000005
244.930811,300,296.273728
254.174357,524,296.747864
286.919622,323,297.037584
272.584864,299,297.306517
246.906761,364,297.636441
253.127013,234,297.841034
289.132824,197,298.016215
265.916107,327,298.328333
256.378761,203,298.567417
278.676099,248,298.817632
250.462458,218,299.041423
301.89304,277,299.312235
272.523271,309,299.608464
290.468219,382,299.969357
290.535536,257,300.240119
277.392608,292,300.554628
244.460145,356,300.850654
259.241651,357,301.142926
273.045436,321,301.400533
270.642059,288,301.623789
263.662757,164,301.753597
281.088643,481,301.949384
256.379384,375,302.091589
136.352825,1000,302.486573
241.30056,306,302.601687
260.901779,218,302.685162
285.898745,245,302.777915
267.948814,270,302.883092
177.483059,1000,303.298311
295.95255,189,303.373705
152.819165,1000,303.783002
284.60109,207,303.963856
293.64874,327,304.231502
280.673059,223,304.593904
256.34798,355,304.971112
247.780202,262,305.189229
264.022712,245,305.388229
271.577259,383,305.854104
252.431269,264,306.220161
269.940941,296,306.464152
285.22656,508,307.000275
244.949983,340,307.27606
282.330337,449,307.649923
251.739145,738,308.347099
270.970517,302,308.592861
240.313372,286,308.824994
266.354116,192,308.979059
215.283949,410,309.298637
291.15293,317,309.55303
263.272696,182,309.695276
254.433303,315,309.940914
298.263975,318,310.187032
250.523345,265,310.39118
262.59687,309,310.630225
256.253948,370,310.921439
245.115185,367,311.204089
255.816162,333,311.461413
229.209804,276,311.674883
263.604861,214,311.842971
273.839723,298,312.070331
295.762551,179,312.208124
256.739235,374,312.499113
227.399026,264,312.6759
240.189067,324,312.799515
259.87134,369,312.938988
254.747328,286,313.048545
212.691744,375,313.191118
251.587755,389,313.337909
261.421135,298,313.450785
237.255792,611,313.680979
215.467589,332,313.808975
277.014464,329,313.934506
238.560979,425,314.263833
265.933383,329,314.525613
267.846196,238,314.705847
276.265442,385,315.003652
243.815003,255,315.206425
292.545891,167,315.336191
253.844755,317,315.582707
259.52387,278,315.799911
252.52774,176,315.939992
282.125731,214,316.130145
284.06583,333,316.511898
277.874561,211,316.683573
313.420118,214,316.875003
274.720332,190,317.171604
252.576415,204,317.345245
260.056504,249,317.551681
236.099069,515,318.051437
281.236911,189,318.211453
246.252645,347,318.489063
258.692282,264,318.692797
267.416709,328,318.980522
282.637924,273,319.254328
295.395423,228,319.450494
283.430744,252,319.657455
216.16701,328,319.935196
266.214138,530,320.36814
271.246911,220,320.540321
236.881742,256,320.744407
258.789341,253,320.974041
235.268513,240,321.255236
237.802343,281,321.519617
310.261677,264,321.738304
309.177468,172,321.911058
284.49192,250,322.177032
269.45504,266,322.413069
292.524546,356,322.716914
287.742542,174,322.791939
282.984184,225,322.881377
126.265847,1000,323.292303
293.6274,354,323.431153
291.278721,177,323.499262
276.258422,251,323.595152
285.607434,209,323.675328
306.026511,268,323.7769
270.991526,267,323.87893
271.400142,210,323.959507
306.029622,205,324.122888
280.501086,212,324.28675
266.846619,274,324.496167
295.85979,507,324.894683
230.62953,475,325.264686
290.539806,230,325.442543
253.703967,262,325.647264
276.149316,310,325.886398
289.024394,313,326.130464
278.40472,231,326.309971
258.846128,279,326.524242
273.980656,289,326.750638
264.719709,312,326.996115
264.022385,215,327.1689
299.790965,216,327.334657
280.774465,227,327.511374
270.009197,366,327.794511
269.251743,322,328.044703
273.439242,196,328.194234
232.644553,383,328.489706
297.763194,301,328.732897
247.476866,193,328.904836
266.567386,754,329.593699
265.92356,311,329.872613
310.675392,204,330.059148
244.559808,286,330.327986
257.301686,189,330.497576
251.922491,255,330.723081
273.855109,206,330.907095
280.543588,221,331.103277
290.334367,225,331.306232
286.365596,347,331.626179
270.795991,372,331.967963
277.913127,299,332.236819
300.626953,206,332.327583
278.988891,244,332.421085
260.653858,210,332.501986
246.8144,227,332.589007
279.24708,180,332.659381
220.914809,266,332.761364
277.015671,182,332.831669
310.704034,187,332.903765
260.646919,213,332.985465
262.911368,208,333.064951
265.410109,294,333.335726
296.118337,212,333.527561
306.53815,241,333.74332
232.341225,274,333.990508
315.357504,235,334.198333
242.947467,247,334.423088
294.870831,419,334.806074
238.54813,418,335.18197
232.608671,353,335.500434
254.328703,356,335.824413
287.099801,268,336.069532
310.049988,209,336.258922
278.66782,249,336.483873
294.272363,217,336.67744
63.220576,118,336.781955
307.233085,251,337.004891
316.514697,223,337.203672
46.139881,171,337.354752
304.529093,194,337.530205
257.922365,415,337.904229
248.039596,354,338.219141
238.916769,842,338.985716
307.831838,184,339.154832
285.909019,293,339.419705
272.860889,181,339.579249
70.119626,152,339.71426
235.200073,257,339.948632
281.203532,172,340.101964
255.1728,365,340.437477
227.848142,297,340.705472
312.934425,257,340.912889
294.597387,382,341.217153
316.80781,221,341.390162
295.876381,197,341.545877
254.442304,222,341.719669
136.775252,1000,342.317192
290.392966,192,342.390468
283.331516,202,342.468925
243.092224,231,342.557021
264.025028,222,342.642126
269.784542,228,342.730859
261.579879,187,342.802593
262.329199,370,342.947442
236.061941,224,343.034111
267.800863,199,343.109932
85.971143,125,343.212166
277.679628,200,343.369283
265.847181,190,343.5158
275.404627,313,343.764621
305.833935,199,343.922213
255.823867,310,344.163099
258.08892,286,344.385247
292.455266,296,344.619656
276.084241,224,344.800127
281.356594,203,344.959185
242.374897,395,345.266301
254.207032,279,345.497236
275.323004,223,345.714457
235.042587,442,346.228046
291.366572,361,346.523112
262.993455,231,346.732403
271.196193,204,346.993652
277.197705,333,347.327329
278.485092,290,347.615068
291.297717,279,347.918831
235.923855,262,348.1748
262.337025,202,348.353795
264.777436,192,348.526778
233.551884,362,348.871768
240.975821,686,349.474478
289.785334,364,349.774954
288.309398,254,349.975548
290.650815,386,350.30076
299.591029,189,350.455924
269.215283,219,350.643224
256.562345,443,351.044662
311.746679,199,351.224398
239.845194,172,351.376707
263.128642,234,351.584561
251.662385,238,351.800324
250.651631,263,352.089705
255.638284,219,352.172879
289.687471,196,352.247524
258.219547,247,352.34144
297.930452,224,352.428154
231.566086,228,352.514994
257.663329,188,352.586989
315.704329,173,352.653799
299.301343,169,352.71808
234.865926,248,352.812678
287.733356,187,352.982539
41.079716,79,353.054073
266.515615,243,353.271353
277.198176,415,353.643415
287.833714,231,353.853779
273.274977,290,354.112593
258.64845,177,354.270322
259.235211,227,354.473274
287.52188,258,354.710502
297.121752,181,354.873685
272.153723,292,355.148209
255.662528,198,355.343473
251.909558,297,355.634542
312.616107,167,355.797559
274.836999,216,356.000066
219.088195,268,356.254205
238.056548,392,356.673645
285.643709,162,356.833678
258.3127,717,357.627266
287.397442,401,358.027314
254.23432,290,358.29859
247.304253,243,358.529006
280.768892,237,358.726595
313.16316,171,358.869208
268.04139,201,359.054646
298.917168,257,359.282722
250.686036,301,359.68032
277.753286,168,359.833518
255.451734,287,360.107564
286.977643,248,360.318056
252.710464,385,360.672033
220.546838,307,360.991929
284.126705,362,361.307714
243.25375,390,361.629161
266.535515,246,361.828367
278.223075,158,362.295015
286.986274,166,362.359561
297.395401,183,362.430961
261.545905,209,362.511567
234.934098,249,362.607515
259.461955,240,362.698333
254.612702,203,362.775131
275.283279,448,362.950274
321.96143,195,363.024771
265.737037,251,363.119968
271.960856,220,363.295173
296.997849,260,363.51597
293.967923,231,363.708731
256.565894,194,363.860981
255.460909,278,364.076862
302.393371,192,364.229334
304.338932,237,364.412684
283.66703,162,364.539083
275.96152,261,364.741855
249.616822,227,364.920584
255.654013,202,365.079074
270.923821,238,365.269814
305.492656,263,365.472797
265.47468,236,365.660365
286.256309,160,365.785004
244.508973,251,365.977396
251.788384,410,366.299546
46.925376,127,366.399507
242.743625,312,366.64184
294.420746,225,366.819041
141.234179,1000,367.615887
282.434629,254,367.815312
254.19428,167,367.945739
230.594392,635,368.437409
226.201451,571,368.884846
297.126762,177,369.023566
276.444677,277,369.238992
301.021394,206,369.398745
251.310694,248,369.591969
284.254937,278,369.810345
291.659841,267,370.021956
302.160773,160,370.147857
269.954916,230,370.326412
300.446665,391,370.65448
268.53514,306,370.893323
179.47859,1000,371.480223
171.511776,1000,371.893817
253.926128,407,372.056144
153.743367,1000,372.458082
314.028822,165,372.524091
168.466751,1000,372.952376
244.009441,176,373.02332
320.404543,184,373.100453
138.797713,1000,373.509511
160.997893,1000,373.910055
289.592497,192,374.062704
290.675792,301,374.299933
285.999826,244,374.495199
316.776081,296,374.724956
265.714595,218,374.894559
250.712912,378,375.2068
276.361187,154,375.326942
289.735818,194,375.479648
264.945497,163,375.638229
281.964775,173,375.823645
250.753165,189,376.006865
284.170853,228,376.194625
236.460114,412,376.543656
224.296741,411,376.956626
296.195653,309,377.253123
277.56025,248,377.456125
252.202271,398,377.78168
251.290389,286,378.00487
274.433112,218,378.175346
287.503052,255,378.373039
280.529751,178,378.512835
273.332537,204,378.671591
265.914482,294,378.903307
259.364692,277,379.116848
303.343183,198,379.272414
266.346599,213,379.446701
280.382412,309,379.727985
303.11385,251,379.993851
251.18873,189,380.212611
67.167723,135,380.324651
309.679661,511,380.760035
259.868718,187,380.91762
294.993574,253,381.132492
273.954729,262,381.346836
282.572154,235,381.546573
299.017207,171,381.689223
249.586044,299,381.924811
247.549037,287,382.212401
260.224932,148,382.371653
225.454702,289,382.619913
273.3453,198,382.704698
250.449402,258,382.809474
269.545052,257,382.913835
217.592096,343,383.0474
284.377773,240,383.144912
251.550645,326,383.274885
311.082748,204,383.362676
278.514233,231,383.457268
277.242808,297,383.574111
267.677963,231,383.774153
234.681978,202,383.941983
301.114905,260,384.152077
257.857755,262,384.434887
302.377016,242,384.68925
288.879949,309,384.943979
313.614802,221,385.124631
293.599165,218,385.314322
275.803383,266,385.537185
226.893576,841,386.21382
275.232196,271,386.426142
240.10677,232,386.60754
249.511635,448,386.958335
246.032827,368,387.243745
213.821219,642,387.748892
307.679371,203,387.907158
288.82901,369,388.193039
297.795407,263,388.395656
238.845708,355,388.671419
307.581172,248,388.871327
233.70336,404,389.185035
269.447676,550,389.616911
302.10518,206,389.776442
256.186575,472,390.151111
281.446826,318,390.433458
260.424139,289,390.695817
305.05351,230,390.901672
299.479605,227,391.108596
257.003925,337,391.410549
230.403168,201,391.591593
294.413272,212,391.781823
264.021369,203,391.951284
264.798531,181,392.021253
282.861204,549,392.24036
292.463581,508,392.442533
271.415661,205,392.520068
286.45312,187,392.591537
257.616091,258,392.690072
289.365915,250,392.785769
307.945563,213,392.866944
316.182732,196,392.941846
275.845761,187,393.114075
309.550711,237,393.331696
287.343528,205,393.517255
252.276289,173,393.676517
245.254704,232,393.888766
275.253247,259,394.122967
269.990214,247,394.339919
275.612434,196,394.514133
245.332966,196,394.690667
246.717985,199,394.870474
267.00484,291,395.135522
294.921094,221,395.33583
42.979635,148,395.471654
283.138782,304,395.738327
250.802265,151,395.874265
292.576091,327,396.167668
316.096867,249,396.389224
261.479425,235,396.600114
253.361342,231,396.803198
278.01891,219,396.998882
296.449779,222,397.198187
279.389235,188,397.366421
272.333386,557,397.882547
296.098846,182,398.046007
264.577131,182,398.213248
258.126631,353,398.533857
255.484334,280,398.785751
249.047395,245,399.007081
259.860229,337,399.283499
279.760939,178,399.421093
228.090862,468,399.784281
289.596752,233,399.965501
250.474047,223,400.140589
239.484388,269,400.349846
291.755494,181,400.491141
280.73507,165,400.618207
262.045981,192,400.769022
293.019746,220,400.940086
272.968626,302,401.17363
293.544246,211,401.3544
265.458814,237,401.552672
248.029064,205,401.691278
246.323438,181,401.765271
247.742106,176,401.837471
281.368792,330,401.9794
305.846269,213,402.071557
284.154061,231,402.182716
294.229635,255,402.308361
267.929183,162,402.380853
255.747373,159,402.450611
295.75784,233,402.548437
290.323872,196,402.749465
278.763642,353,403.104092
248.401121,278,403.336233
280.01614,188,403.490421
34.76818,180,403.618993
280.620498,244,403.794648
222.709298,463,404.158633
298.650567,224,404.374142
272.715242,189,404.524323
265.504285,207,404.686862
283.734905,306,404.915718
233.646298,357,405.205569
243.552477,257,405.405633
296.728662,263,405.602248
267.891661,252,405.791127
289.233955,323,406.029375
264.846525,166,406.155392
289.12268,221,406.350024
300.072357,186,406.534259
245.090143,229,406.74972
304.581233,274,406.949537
300.197703,196,407.096041
266.016539,373,407.520831
281.12883,186,407.707458
301.691591,522,408.194617
265.813021,314,408.487683
245.508162,161,408.641464
263.061722,187,408.884141
286.211368,219,409.116883
252.619576,237,409.356067
258.283234,316,409.676146
250.981791,191,409.867656
301.186852,260,410.12651
274.434467,272,410.388897
251.452121,181,410.567092
286.689164,171,410.751549
269.760566,641,411.410327
306.570281,210,411.715747
296.530674,234,411.809763
65.254811,149,411.869322
298.827692,211,411.953126
290.244163,214,412.03893
289.373085,218,412.125873
261.340137,179,412.196529
254.759763,187,412.270668
277.342782,150,412.330311
318.758587,190,412.405111
293.695562,220,412.5952
244.933054,360,412.960729
299.989379,264,413.215023
277.002447,167,413.367519
262.704911,244,413.587653
253.159947,189,413.751968
220.005725,501,414.183575
31.007021,107,414.280597
235.620804,213,414.487983
274.811711,320,414.769531
295.344516,208,414.952503
151.426186,1000,415.864367
280.728955,164,415.993593
307.757273,251,416.201071
299.361039,174,416.348658
267.973899,178,416.497268
309.892413,216,416.683523
266.922488,188,416.83858
290.851028,201,417.026728
260.144153,166,417.190258
35.231153,89,417.280758
302.489046,224,417.486622
295.389741,215,417.669999
255.768839,169,417.811177
284.180173,442,418.171998
314.393894,193,418.324575
61.483679,134,418.430773
37.41544,106,418.511089
265.660534,198,418.664747
299.409154,200,418.819604
287.253059,206,418.984279
301.661153,336,419.246219
285.00832,180,419.389709
277.427619,245,419.581527
274.279189,188,419.739599
29.608839,109,419.831667
261.61544,217,420.007933
279.68727,365,420.331672
249.814311,165,420.463271
183.597185,1000,421.40896
300.766353,220,421.493215
275.500041,211,421.573684
302.968245,245,421.67132
304.86414,187,421.745499
293.669583,238,421.836628
312.001881,181,421.907001
241.169643,295,422.030898
24.994482,121,422.079377
293.752192,450,422.264403
307.666083,165,422.410736
66.986466,111,422.559882
324.330428,245,422.824266
282.457842,229,423.01818
270.241188,296,423.26438
279.945493,256,423.473575
261.695387,232,423.795754
280.64139,220,423.99003
300.419951,235,424.183306
32.727837,111,424.27284
31.073195,124,424.372631
288.515481,250,424.763044
271.553522,229,424.963111
275.651072,366,425.289077
289.416333,268,425.529212
52.045141,96,425.618134
261.608514,946,426.44698
32.148973,138,426.581978
278.59518,227,426.770612
301.562687,238,426.991819
252.916534,228,427.198481
274.649436,248,427.429662
75.213598,107,427.52459
310.608349,227,427.717513
13.620476,109,427.808572
176.14121,1000,428.683015
30.62737,176,428.830756
291.864098,230,429.025272
284.510443,239,429.230715
284.414934,189,429.403213
279.730365,300,429.664582
-0.488314,103,429.759427
266.502408,338,430.04361
268.342782,316,430.314885
272.684022,217,430.497103
62.432779,97,430.578618
250.908373,209,430.750671
6.905596,117,430.844476
43.239725,134,430.970528
64.46271,90,431.059461
305.650433,238,431.303806
262.849199,156,431.479151
245.233642,247,431.581076
299.48965,186,431.655643
262.376504,366,431.806187
323.746373,190,431.8836
235.29022,381,432.043657
162.116382,1000,432.458679
256.674597,255,432.563569
288.37338,238,432.659578
291.498232,230,432.752722
20.021699,107,432.84958
237.915198,200,433.017499
293.231616,211,433.215923
51.701982,135,433.362244
269.324415,435,433.781088
35.815979,110,433.871977
277.876554,249,434.123371
263.130635,187,434.318453
55.533415,114,434.417184
287.447979,345,434.702244
38.550982,105,434.793664
254.384907,366,435.105461
57.482088,114,435.221675
250.204878,523,435.710853
292.189347,373,436.031975
268.575312,176,436.178276
247.585426,214,436.355213
280.173621,181,436.503597
261.60535,338,436.790268
253.020166,189,436.949023
297.140997,305,437.193457
274.222681,228,437.371199
272.09444,283,437.594372
285.138989,272,437.808039
299.480049,210,437.974684
284.547605,234,438.155687
285.548244,234,438.343361
50.392267,113,438.430698
272.510773,211,438.593935
267.568366,152,438.713201
300.386262,302,438.982132
278.763863,301,439.292037
38.901583,119,439.401872
282.844919,224,439.626077
47.654417,100,439.725345
281.360984,253,439.983751
266.881155,197,440.174888
295.939137,209,440.357692
257.413115,163,440.489086
20.715366,96,440.569427
299.834439,206,440.742077
274.32152,197,440.909642
-44.054529,80,440.993365
63.091417,117,441.090924
69.076517,115,441.187369
15.913192,111,441.277216
264.962226,251,441.498757
267.392159,188,441.615692
296.321814,703,441.904801
254.372524,536,442.131843
-14.561811,108,442.176404
259.340217,163,442.244608
28.775232,113,442.291277
260.74345,276,442.405715
314.61112,188,442.48491
37.756024,87,442.521058
-26.135912,104,442.562728
286.53492,253,442.781038
283.871555,247,442.995216
57.241565,101,443.104503
253.395233,181,443.286487
275.929143,272,443.56422
71.415705,140,443.695545
-15.09886,122,443.812126
-15.301413,92,443.90164
250.088637,171,444.088423
283.515368,232,444.349439
35.901706,110,444.475957
42.64812,130,444.60805
35.829595,115,444.731426
271.937312,200,444.958727
51.563976,94,445.050663
2.509335,121,445.167815
262.150735,238,445.39485
20.058962,116,445.504271
42.344812,124,445.699614
54.852034,91,445.790905
35.547417,94,445.887635
46.51749,125,445.996929
33.124314,114,446.09093
299.06185,282,446.324981
253.085963,200,446.493425
48.882126,98,446.579184
51.718543,165,446.717714
278.648768,527,447.179117
32.880133,92,447.263905
60.267104,109,447.354611
-10.354864,86,447.428368
253.78354,246,447.637895
48.730242,130,447.744802
2.602558,107,447.833542
15.221388,116,447.930807
10.837454,104,448.018492
45.486425,141,448.134605
267.750683,663,448.749835
16.67206,99,448.85308
32.961554,98,448.95186
42.878152,99,449.034995
246.083077,205,449.207986
46.833583,117,449.30319
36.154766,96,449.402954
30.158909,119,449.523772
37.029752,133,449.657607
25.672391,107,449.766079
31.628098,128,449.880308
26.446512,106,449.969167
23.907067,122,450.081896
60.377258,154,450.219135
26.150511,104,450.315159
22.546767,138,450.430912
15.985589,99,450.512435
275.167516,290,450.754256
289.971773,397,451.123525
271.691038,337,451.414582
-16.495139,123,451.515017
28.179045,91,451.589438
21.49813,107,451.681619
34.586276,126,451.78367
18.162386,139,451.890203
-0.045038,105,451.932754
247.068717,161,452.000369
15.267253,117,452.048312
11.144203,115,452.095567
268.128229,204,452.178959
40.454048,135,452.234878
40.471024,113,452.281093
136.925077,1000,452.690156
42.055794,131,452.741816
55.86961,123,452.851532
31.315766,142,452.969383
1.396676,100,453.075458
35.967862,91,453.171967
40.652759,111,453.291569
22.295524,102,453.442219
-1.062204,102,453.547971
8.063089,105,453.633847
35.346468,129,453.752702
14.851805,119,453.856091
3.040975,99,453.942343
43.779334,90,454.017555
38.152069,132,454.125177
50.392183,106,454.225855
249.625718,253,454.530603
1.526014,103,454.616122
46.480766,190,454.782354
27.139798,125,454.889067
58.013162,149,455.073936
-32.366522,93,455.15002
61.123156,94,455.234809
261.917267,225,455.431367
43.262864,148,455.564117
37.965214,127,455.671165
18.676038,100,455.762403
25.406127,131,455.873013
24.590846,124,456.006308
43.179922,111,456.102746
30.281992,154,456.232702
281.799324,304,456.490937
-2.661297,114,456.586079
9.850295,105,456.672639
34.155724,114,456.765881
255.844176,258,456.997483
14.924783,104,457.1017
37.276528,93,457.192956
254.062765,331,457.501985
28.664266,109,457.623124
22.264514,105,457.731813
45.02015,117,457.843473
10.320795,102,457.938525
252.685959,213,458.113705
-14.574426,104,458.196141
70.786624,122,458.293269
272.732461,181,458.442512
62.24992,114,458.53547
60.158075,104,458.622442
248.252459,166,458.762625
4.183175,106,458.857159
46.333785,91,458.934644
28.585752,113,459.033595
22.859072,149,459.162332
34.208516,102,459.248016
9.453485,104,459.332932
27.839161,109,459.428344
288.730184,995,460.345912
62.088577,95,460.438442
258.431755,196,460.601722
65.608786,95,460.685203
35.124675,130,460.790973
65.268297,149,460.910798
261.614946,165,461.047703
30.86904,88,461.123205
59.589294,151,461.247046
28.567763,95,461.325837
298.581686,210,461.502931
68.061545,172,461.864587
10.335477,104,461.907091
46.576595,94,461.945758
33.441994,114,461.992534
24.372597,118,462.040628
27.076519,116,462.087575
40.925772,103,462.129508
268.737667,199,462.214892
266.928176,237,462.309497
12.666391,102,462.350272
300.322317,204,462.526676
14.666537,102,462.610525
26.912529,107,462.706707
39.065403,101,462.826676
64.813332,169,463.045716
68.29598,147,463.187181
60.141683,142,463.313461
33.259829,123,463.48275
47.722359,156,463.663522
22.417202,128,463.778136
34.770083,126,463.885227
3.74959,109,463.985258
15.9028,109,464.10913
55.149133,93,464.212915
27.12815,122,464.330534
11.067394,111,464.422641
275.886543,443,464.804488
287.294836,214,465.030547
75.367199,166,465.179234
27.901567,104,465.270407
259.073722,176,465.421429
311.421312,224,465.606255
51.637657,122,465.706607
43.739462,135,465.826426
31.968635,126,465.963268
56.656073,96,466.072921
319.681258,292,466.367701
260.007529,416,466.789521
298.379435,243,467.013788
263.959101,344,467.367037
54.41822,95,467.465027
54.782798,118,467.583781
44.344771,99,467.686617
281.781628,287,467.982155
280.285452,159,468.152428
283.404578,181,468.352208
254.329483,216,468.568431
33.563729,125,468.68411
62.214694,96,468.772442
280.578284,190,468.947873
43.537283,99,469.049475
-2.171688,102,469.166709
57.753057,106,469.291128
283.278762,202,469.509151
-12.591973,105,469.619961
306.357236,204,469.846818
43.458438,115,469.965151
63.217273,159,470.135685
32.648834,101,470.247323
282.382801,250,470.500668
171.374173,1000,471.427577
285.735837,206,471.623112
268.432528,244,471.845274
26.718689,150,471.976691
281.850861,733,472.481109
239.365576,197,472.561127
313.309611,594,472.797049
47.860113,126,472.845121
34.559471,122,472.891308
289.07006,481,473.07923
276.345395,256,473.179538
247.963205,202,473.257876
49.856464,100,473.295796
257.373322,555,473.517317
228.076364,234,473.73144
261.897008,287,473.9568
244.350882,188,474.105839
294.171853,327,474.359693
285.008403,229,474.552049
285.126155,225,474.726254
269.31824,259,474.933589
283.883707,265,475.139236
300.95203,201,475.296885
17.987993,118,475.38787
204.310543,210,475.555587
47.789324,95,475.6406
49.012179,127,475.746312
224.853705,232,475.939588
51.265121,123,476.044377
57.271636,112,476.13778
282.590447,188,476.282176
244.745001,293,476.513678
240.900088,315,476.763634
291.893596,172,476.900644
280.46023,188,477.046753
294.345691,213,477.21353
260.332168,192,477.364821
31.951118,114,477.45141
292.517116,466,477.83643
248.16872,420,478.166912
282.489428,237,478.354221
247.728993,232,478.536881
272.102734,231,478.717737
245.319598,784,479.379582
68.330592,133,479.497379
240.871766,215,479.690572
262.195673,188,479.865319
299.523311,259,480.096868
284.975313,165,480.249855
281.636225,306,480.52921
268.233395,212,480.719547
273.175533,263,480.966442
269.508255,277,481.293608
274.688789,184,481.469708
311.467271,316,481.76884
268.470914,368,482.16573
263.771082,503,482.376807
136.619176,1000,482.788213
108.230717,1000,483.235874
288.48886,777,483.566558
147.722612,1000,483.969182
136.814613,1000,484.385933
263.110065,164,484.451917
265.167474,179,484.527473
241.779405,213,484.630901
277.944527,283,484.972521
283.26469,260,485.229837
289.31347,258,485.472997
279.724045,286,485.75581
269.651419,438,486.270506
276.485781,375,486.669833
33.627516,110,486.79221
258.795343,245,487.046036
262.734298,334,487.392357
298.159156,345,487.785954
254.538309,315,488.101893
248.462309,171,488.287237
228.972075,303,488.616224
242.136997,316,488.97924
282.373065,173,489.160383
266.393166,413,489.644803
262.467491,204,489.859394
299.967032,238,490.09122
261.217443,447,490.547
287.421275,303,490.860957
246.042559,180,491.05006
299.81441,277,491.338997
271.410584,220,491.549513
255.325653,274,491.81121
279.309279,348,492.110597
266.486174,390,492.438345
285.210471,192,492.600555
255.767405,322,492.960869
295.09168,167,493.115723
292.956739,163,493.275065
287.711615,419,493.664894
265.390817,206,493.879677
270.85697,252,494.109842
26.445744,108,494.204823
273.846498,207,494.394008
302.674393,178,494.554049
297.134697,208,494.735424
251.811543,171,494.874648
145.442332,1000,495.344233
297.754965,255,495.445466
130.111877,1000,495.890684
144.454337,1000,496.390214
200.289476,1000,496.845672
132.037121,1000,497.273539
299.667202,298,497.394
160.329645,1000,497.815003
45.057534,131,497.867169
313.27119,180,498.043483
42.064869,109,498.156281
299.751276,334,498.474204
282.624247,171,498.635312
245.285787,208,498.860268
271.889915,363,499.234655
300.189541,236,499.466629
233.121706,241,499.695743
276.237377,276,499.985532
285.564021,257,500.263234
291.022854,275,500.531197
287.035564,281,500.79782
271.390695,329,501.134603
250.28724,720,501.997658
258.749744,194,502.195314
258.406511,452,502.674239
287.798227,158,502.826593
291.741187,208,503.065418
238.12813,426,503.51834
285.360276,232,503.798302
269.135021,630,504.411072
292.05256,233,504.631984
254.7034,410,505.032753
211.001472,381,505.409963
272.288933,722,506.162328
32.849943,121,506.292777
242.245226,312,506.610269
285.985801,391,507.033807
263.511052,209,507.282744
234.007591,185,507.489467
293.982767,251,507.766395
272.686118,257,508.031918
259.26993,217,508.285434
274.110247,204,508.400035
257.823471,175,508.469123
276.724494,172,508.536993
286.201664,260,508.64241
286.285062,184,508.721332
294.189407,186,508.799859
284.625994,234,508.894309
146.898796,1000,509.307269
299.973163,237,509.401874
291.464557,250,509.502529
279.820763,167,509.668586
295.919821,294,509.997067
249.205182,191,510.192055
282.478113,290,510.50354
311.412729,170,510.678414
242.03711,571,511.258468
287.603081,206,511.451841
263.035277,248,511.69846
280.9764,173,511.863723
249.466689,182,512.026275
302.527154,270,512.297574
306.581235,256,512.57982
267.860854,232,512.830866
260.52419,176,513.000903
257.813673,228,513.23989
246.456858,209,513.448776
273.978492,224,513.683396
283.854223,274,513.93778
314.445521,189,514.094185
88.63908,97,514.182046
18.157155,126,514.286668
273.207584,183,514.442917
247.330047,237,514.689187
254.109156,171,514.862058
263.027171,214,515.042558
268.985471,187,515.204013
314.727302,291,515.448348
262.685938,188,515.608514
51.822766,126,515.717344
53.885844,135,515.827332
301.750274,237,516.019003
271.036115,231,516.23534
299.809451,231,516.493798
313.269429,269,516.733404
266.131393,340,517.014321
301.967739,274,517.246907
36.677271,120,517.344182
257.037982,191,517.503879
281.953089,139,517.621798
262.558028,185,517.791029
293.339823,317,518.051927
288.434872,202,518.210076
280.7307,315,518.459354
32.570088,120,518.555688
287.713827,157,518.682867
53.073633,137,518.788959
293.003492,208,518.894922
274.035491,442,519.063272
153.148765,1000,519.460966
172.07883,1000,519.860417
151.268535,1000,520.2609
274.642264,181,520.332061
257.505823,206,520.412189
246.029357,726,520.698633
292.584956,201,520.776405
239.080686,512,520.978282
260.62616,335,521.243472
270.542278,209,521.407842
282.120162,195,521.561234
46.297873,131,521.662739
257.849538,169,521.792725
252.194706,177,521.952097
268.788428,309,522.278858
292.793542,212,522.459003
39.518887,127,522.564687
42.275339,124,522.67139
271.797985,455,523.072674
275.374608,380,523.404581
310.417297,180,523.555914
279.067142,207,523.730853
250.147824,218,523.910338
55.471272,109,524.020894
64.393431,127,524.161833
245.857828,406,524.578088
279.852965,218,524.785041
293.731206,265,525.052816
263.595849,395,525.458211
31.688564,93,525.561162
25.315013,131,525.79693
287.65103,283,526.072073
265.550574,259,526.303284
243.633179,282,526.552527
237.004683,196,526.714777
282.428774,264,526.95168
253.23583,160,527.088857
280.175849,314,527.344821
283.673617,197,527.506726
227.38795,257,527.722716
300.923146,265,527.944785
297.069835,180,528.097323
279.427561,235,528.343927
257.337816,306,528.65515
293.949736,238,528.85115
260.887928,181,529.006502
291.027915,204,529.174499
288.764224,264,529.419967
282.931833,216,529.630913
49.975537,126,529.759044
288.909389,264,530.00226
303.842119,210,530.20595
194.517171,1000,530.598707
140.781026,1000,530.997792
190.543966,1000,531.396438
280.120368,193,531.470222
265.53815,170,531.536934
155.017461,1000,531.958547
289.705939,253,532.064427
184.786692,1000,532.494139
173.656476,1000,532.903967
